Tipo de alojamiento,Localidad,Descripcion,Precio (S/),Calificacion,Cantidad de Resenas
Habitaci√≥n compartida,Barcelona,Hola Hostal Collblanc. Cama en dormitorio 11 pax,97,4.36,284
Habitaci√≥n,Barcelona,Qu√©date con Gia,189,4.93,15
Habitaci√≥n,Barcelona,Qu√©date con Gina,150,4.92,284
Habitaci√≥n,Barcelona,Qu√©date con Mario,118,4.72,18
Lugar para quedarse,Barcelona,Bonito y acogedor dormitorio en el centro de la ciudad de Barcelona,137,4.76,265
Habitaci√≥n compartida,Barcelona,Cama en una habitaci√≥n mixta de 10 camas en TLH BCN La Pedrera,153,4.6,420
Apartamento,Barcelona,Bienvenido Apart. Bergueda Street,273,5.0,7
Habitaci√≥n,Barcelona,Qu√©date con Emilia Y Luis,152,4.52,292
Habitaci√≥n,Barcelona,Qu√©date con Cristina,170,4.81,502
Habitaci√≥n,Barcelona,Qu√©date con Jordi,178,4.56,209
Habitaci√≥n,Barcelona,Qu√©date con Lina Maria,119,4.6,189
Apartamento,Barcelona,Palacio de la M√∫sica 9,325,4.75,4
Habitaci√≥n,Barcelona,Qu√©date con Antonio Ivanildo,169,4.38,8
Habitaci√≥n,Barcelona,Qu√©date con Jose David,200,4.67,27
Apartamento,Barcelona,El balc√≥n Apartamento en la calle Valencia,447,4.58,150
Habitaci√≥n,Barcelona,Qu√©date con Jon,198,4.77,430
Habitaci√≥n de hotel compartida,Barcelona,Acogedor dormitorio de 6 plazas,124,4.37,121
Habitaci√≥n,Barcelona,Qu√©date con Rub√©n,284,4.79,47
Habitaci√≥n,Barcelona,Qu√©date con Emmnuel Dario,168,5.0,3
Apartamento,Barcelona,Palacio de la M√∫sica 13,304,4.67,6
Habitaci√≥n,Barcelona,Qu√©date con Elena,144,4.7,57
Habitaci√≥n,Barcelona,Qu√©date con Cat Y Jhosep,161,4.33,6
Habitaci√≥n,Barcelona,Qu√©date con Antonia Y Andres,153,3.67,3
Apartamento,Barcelona,Apartamento de 2 2 dormitorios,466,4.89,288
Lugar para quedarse,Barcelona,Dormitorio grande en el centro de Barcelona,227,4.92,431
Habitaci√≥n,Barcelona,Qu√©date con Kendry,213,4.61,199
Habitaci√≥n,Barcelona,Qu√©date con Scott,170,4.75,48
Habitaci√≥n,Barcelona,Qu√©date con Guido,276,4.75,8
Lugar para quedarse,Barcelona,Dormitorio grande en el centro de Barcelona,227,4.92,431
Habitaci√≥n,Barcelona,Qu√©date con Scott,170,4.75,48
Habitaci√≥n,Barcelona,Qu√©date con Guido,276,4.75,8
Habitaci√≥n,Barcelona,Qu√©date con Ela,315,4.93,164
Habitaci√≥n,Barcelona,Qu√©date con Marcelo Y Alina,235,4.74,120
Habitaci√≥n,Barcelona,Qu√©date con Anna,213,4.98,108
Habitaci√≥n,Barcelona,Qu√©date con John,227,4.9,429
Condo,Barcelona,ü™¥Apt & private Terraceüßò‚Äç‚ôÄÔ∏è Luxe BCN Heartüíü Psg Gracia,380,4.64,486
Habitaci√≥n,Barcelona,Qu√©date con Elena,144,4.67,36
Apartamento,Barcelona,Sants Estaci√≥n Robrenyo 33 2A,408,4.83,375
Habitaci√≥n,Barcelona,Qu√©date con Constance,189,4.6,423
Habitaci√≥n,Barcelona,Qu√©date con Renato,192,4.49,43
Habitaci√≥n,Barcelona,Qu√©date con Mariam,120,4.76,42
Habitaci√≥n,Barcelona,Qu√©date con Veronica,221,4.89,104
Habitaci√≥n,Barcelona,Qu√©date con Lia,213,4.72,86
Habitaci√≥n,Barcelona,Qu√©date con Renato,192,4.49,43
Habitaci√≥n,Barcelona,Qu√©date con Augusto,190,4.7,273
Habitaci√≥n,Barcelona,Qu√©date con Zhan,189,4.45,173
Habitaci√≥n,Barcelona,Qu√©date con Rosa,151,4.29,113
Habitaci√≥n,Barcelona,Qu√©date con Miquel,232,4.93,112
Lugar para quedarse,Barcelona,Habitaci√≥n doble jr/ Sagrada familia,214,4.3,216
Habitaci√≥n,Barcelona,Qu√©date con Neto,198,4.98,57
Habitaci√≥n,Barcelona,Qu√©date con Marina,162,5.0,7
Habitaci√≥n,Barcelona,Qu√©date con Sofio,175,4.72,50
Apartamento,Barcelona,Encantador piso con 3 habitaciones y balc√≥n,431,4.64,609
Habitaci√≥n,Barcelona,Qu√©date con Andrea,191,4.94,140
Apartamento,Barcelona,Apartamento SAGRADA FAMILIA - free WIFI - NETFLIX,477,4.36,559
Habitaci√≥n,Barcelona,Qu√©date con Teo,146,4.52,267
Habitaci√≥n,Barcelona,Qu√©date con Valeria,191,4.67,147
Habitaci√≥n,Barcelona,Qu√©date con Valeria,191,4.67,147
Apartamento,Barcelona,Apartamento superior en el eixample BCN,364,4.63,378
Habitaci√≥n,Barcelona,Qu√©date con Joseph D,179,4.51,78
Habitaci√≥n,Barcelona,Qu√©date con Grisbelis,154,4.38,58
Habitaci√≥n,Barcelona,Qu√©date con Layla,193,4.92,25
Apartamento,Barcelona,Estudio estilo Habitaci√≥n en Centro de Barcelona,354,4.33,15
Habitaci√≥n,Barcelona,Qu√©date con Mario,189,4.43,7
Apartamento,Barcelona,Mi direcci√≥n en el estudio Plaza Real,313,4.64,96
Lugar para quedarse,Barcelona,Habitaci√≥n doble Ramblas con balc√≥n,238,4.44,210
Habitaci√≥n,Barcelona,Qu√©date con Julie,233,4.88,202
Habitaci√≥n,Barcelona,Qu√©date con Enrique,179,4.91,79
Habitaci√≥n,Barcelona,Qu√©date con Julie,233,4.88,202
Hotel,Barcelona,Habitaci√≥n interior doble,371,4.49,200
Habitaci√≥n,Barcelona,Qu√©date con Enrique,179,4.91,79
Apartamento,Barcelona,√Åtico muy tranquilo y economico en pleno centro,364,4.67,448
Habitaci√≥n,Barcelona,Qu√©date con Magdalena,236,4.91,243
Apartamento,Barcelona,Silencioso entre Gracia y Sagrada Familia,391,4.6,383
Habitaci√≥n,Barcelona,Qu√©date con Juan Antonio,126,4.73,30
Lugar para quedarse,Barcelona,Bonito dormitorio en el centro de Barcelona,227,4.9,385
Apartamento,Barcelona,Apartamento con terraza junto a la playa,467,4.91,290
Habitaci√≥n,Barcelona,Qu√©date con Aleix,167,4.78,36
Habitaci√≥n,Barcelona,Qu√©date con Ammar,266,4.87,233
Habitaci√≥n,Barcelona,Qu√©date con Carolina,142,4.67,3
Apartamento,Barcelona,BRAND NEW FIFTEEN STUDIO,386,4.45,283
Casa de hu√©spedes,Barcelona,Habitaci√≥n en Casa Lolita Guesthouse,317,4.79,42
Habitaci√≥n,Barcelona,Qu√©date con Ela,297,4.96,52
Habitaci√≥n,Barcelona,Qu√©date con Roxana,189,4.85,203
Habitaci√≥n,Barcelona,Qu√©date con Alex,196,4.78,293
Apartamento,Barcelona,Atardeceres so√±ados en √°tico c√©ntrico c/terraza,432,4.76,251
Habitaci√≥n,Barcelona,Qu√©date con John,227,4.85,129
Habitaci√≥n,Barcelona,Qu√©date con Alexander,309,4.85,27
Apartamento,Barcelona,Gran V√≠a Apartamento Catalunya plaza,408,4.62,425
Apartamento,Barcelona,Arquitectura modernista central de Barcelona +balc√≥n3,351,4.88,287
Habitaci√≥n,Barcelona,Qu√©date con Patricia,149,4.73,85
Habitaci√≥n,Barcelona,Qu√©date con Marcelo Y Alina,266,4.65,108
Apartamento,Barcelona,"Sagrada Familia, Barcelona",379,4.37,361
Habitaci√≥n,Barcelona,Qu√©date con Grisbelis,167,4.44,96
Apartamento,Barcelona,"Piso acogedor, luminoso y centrico",451,4.62,523
Apartamento,Barcelona,DEPARTAMENTO DE COL√ìN,447,4.33,106
Apartamento,Barcelona,Barcelona Reloaded.,429,4.68,642
Habitaci√≥n,Barcelona,Qu√©date con Mate,121,4.5,8
Condo,Barcelona,En el coraz√≥n de Barcelona.,410,4.61,495
Habitaci√≥n,Barcelona,Qu√©date con Ninoska,165,4.51,67
Habitaci√≥n,Barcelona,Qu√©date con Rosella,171,4.9,51
Habitaci√≥n,Barcelona,Qu√©date con Ekaterina,160,4.83,163
Habitaci√≥n,Barcelona,Qu√©date con Johan,261,5.0,11
Apartamento,Barcelona,Fantastico piso con 65m¬≤ patio privado,461,4.6,434
Lugar para quedarse,Barcelona,Habitaci√≥n con piscina a 10‚Äô del centro,215,4.95,302
Habitaci√≥n,Barcelona,Qu√©date con Alexandra,144,4.36,11
Habitaci√≥n,Barcelona,Qu√©date con Manuel,230,4.62,21
Habitaci√≥n,Barcelona,Qu√©date con –¢–∞—Ç—å—è–Ω–∞,215,4.64,96
Habitaci√≥n,Barcelona,Qu√©date con Luis,290,4.45,119
Loft,Barcelona,Estudio de dise√±o cerca de la Playa,339,4.75,321
Habitaci√≥n,Barcelona,Qu√©date con Augusto,190,4.63,144
Habitaci√≥n,Barcelona,Qu√©date con Feli,222,4.84,76
